source_id,title,publisher,url,type,use
SRC-BEE-BESCOM-2023-24,"Annual Energy Audit Report of BESCOM, FY 2023-24",Bureau of Energy Efficiency / BESCOM,https://www.beeindia.gov.in/WriteReadData/RTF1984/RTF-PDF-a21b47b3b4670814_1775536149.pdf,official_pdf,"System scale, metering coverage, energy-accounting structure"
SRC-BEE-BESCOM-2024-25,Annual Energy Audit Reports in DISCOMs – BESCOM FY 2024-25,Bureau of Energy Efficiency,https://www.beeindia.gov.in/show_content.php?lang=1&level=4&lid=696&ls_id=789,official_index,Latest public BESCOM audit report index
SRC-OPENCITY-SUBSTATIONS,Bengaluru Electrical Substations,OpenCity / source KPTCL,https://data.opencity.in/dataset/bescom-data/resource/3c779061-159d-40ee-bc07-92691d4eec70,csv,"Substation name, zone, district, taluk, voltage class, commissioning date"
SRC-OPENCITY-CONSUMPTION,BESCOM Annual Consumption and Revenue Data 2010-11 to 2022-23,OpenCity / source BESCOM,https://data.opencity.in/dataset/bescom-consumption-data/resource/addf1f15-7c90-44db-ab13-572aae08b0f1,csv,"Consumers, demand, collection, consumption, energy input"
SRC-OPENCITY-HT-2023-24,BESCOM High-Tension (HT) Lines Data 2023-24,OpenCity / source BESCOM,https://data.opencity.in/dataset/bescom-high-tension-ht-lines-data/resource/61a564f1-1b4e-457d-9f63-9448c6ef13c8,csv,HT network length by division and construction type
SRC-OPENCITY-LT-2023-24,BESCOM Low-Tension (LT) Lines Data 2023-24,OpenCity / source BESCOM,https://data.opencity.in/dataset/bescom-low-tension-lt-lines-data/resource/e49e02ac-abee-4786-bcb8-1e052206dee3,csv,LT network length by division and construction type
SRC-OGD-BENGALURU-CONSUMPTION,Electricity Consumption of Bengaluru City,Open Government Data Platform India / BESCOM,https://sandbox.data.gov.in/catalog/electricity-consumption-bengaluru-city-0,catalog,Bengaluru consumption by category
SRC-KERC-BESCOM-2025,KERC Tariff Order 2025 – BESCOM,KERC / BESCOM,https://data.opencity.in/dataset/9294a112-ab2a-4586-b4a4-7091fc9ab5ba/resource/3500f8d4-1d26-4ff8-a08f-8c2d8bac9fbd/download/kerc.pdf,official_pdf,"Transformer failures, causes, maintenance, safety"
SRC-CSTEP-FEEDER-SURVEY,Feeder Survey in Karnataka: Key Observations,CSTEP,https://www.researchgate.net/publication/371910983_Continual_Support_for_Implementation_of_UDAY_Initiatives_in_Karnataka,research_report,Historical feeder-level and metering observations
